Wagon,Tir Chonaill,Dunbarton,Dugald Isle,00:03:04
Wagon,Tir Chonaill,Dunbarton,Dugald Isle,00:03:21
Wagon,Tir Chonaill,Dunbarton,Dugald Isle,00:02:54
Wagon,Tir Chonaill,Dunbarton,Dugald Isle,00:03:03
Wagon,Tir Chonaill,Dunbarton,Dugald Isle,00:03:09
Wagon,Dunbarton,Bangor,Gairech Hills,00:03:17
Wagon,Dunbarton,Bangor,Gairech Hills,00:03:20
Wagon,Dunbarton,Bangor,Gairech Hills,00:03:26
Wagon,Dunbarton,Bangor,Gairech Hills,00:03:24
Wagon,Dunbarton,Bangor,Gairech Hills,00:03:21
Wagon,Emain Macha,Bangor,Sen Mag Plains,00:05:44
Wagon,Emain Macha,Bangor,Sen Mag Plains,00:05:34
Wagon,Emain Macha,Bangor,Sen Mag Plains,00:05:33
Wagon,Emain Macha,Bangor,Sen Mag Plains,00:05:34
Wagon,Emain Macha,Bangor,Sen Mag Plains,00:05:30
Wagon,Emain Macha,Dunbarton,Osna Sail,00:02:21
Wagon,Emain Macha,Dunbarton,Osna Sail,00:02:19
Wagon,Emain Macha,Dunbarton,Osna Sail,00:02:17
Wagon,Emain Macha,Dunbarton,Osna Sail,00:02:19
Wagon,Emain Macha,Dunbarton,Osna Sail,00:02:18
Wagon,Tara,Emain Macha,Blago Prarie,00:05:00
Wagon,Tara,Tailteann,Corrib Valley,00:06:00
Wagon,Tailteann,Dunbarton,Abb Neagh,00:04:09
Wagon,Tailteann,Dunbarton,Abb Neagh,00:04:14
Wagon,Tailteann,Dunbarton,Abb Neagh,00:04:15
Wagon,Tailteann,Dunbarton,Abb Neagh,00:04:13
Wagon,Tailteann,Dunbarton,Abb Neagh,00:04:08
Wagon,Port Cobh,Dunbarton,Cobh Way,00:00:44
Wagon,Port Cobh,Dunbarton,Cobh Way,00:00:42
Wagon,Port Cobh,Dunbarton,Cobh Way,00:00:41
Wagon,Port Cobh,Dunbarton,Cobh Way,00:00:42
Wagon,Port Cobh,Dunbarton,Cobh Way,00:00:41
Wagon,Port Cobh,Belvast,Boat,00:10:00
Wagon,Tir Chonaill,Tailteann,Sliab Cullin,00:03:35
Wagon,Tir Chonaill,Tailteann,Sliab Cullin,00:03:31
Wagon,Tir Chonaill,Tailteann,Sliab Cullin,00:03:36
Wagon,Tir Chonaill,Tailteann,Sliab Cullin,00:03:37
Wagon,Tir Chonaill,Tailteann,Sliab Cullin,00:03:36